2024-08-26T07:46:53.087Z,admin
2024-08-26T08:03:51.520Z,admin
2024-08-26T08:05:17.262Z,admin
2024-08-26T08:05:26.943Z,admin
2024-08-26T08:07:47.783Z,admin
2024-08-26T08:07:57.372Z,admin
2024-08-26T08:09:50.754Z,admin
2024-08-26T08:11:21.242Z,admin
2024-08-26T08:14:56.213Z,admin
2024-08-26T08:19:26.672Z,admin
2024-08-26T08:21:59.476Z,admin
2024-08-26T08:25:56.399Z,admin
2024-08-26T08:36:36.708Z,admin
2024-08-26T08:40:31.387Z,admin
2024-08-26T08:44:33.476Z,admin
2024-08-26T08:56:10.628Z,admin
2024-08-26T08:58:43.654Z,admin
2024-08-26T08:59:35.470Z,admin
2024-08-26T09:19:08.777Z,admin
2024-08-26T09:19:45.917Z,admin
2024-08-26T09:19:57.945Z,admin
2024-08-26T09:22:08.762Z,admin
2024-08-26T09:23:49.955Z,admin
2024-08-26T09:24:03.521Z,admin
2024-08-26T09:24:39.919Z,admin
2024-08-26T09:25:06.996Z,admin
2024-08-26T09:25:38.328Z,admin
2024-08-26T09:36:23.675Z,admin
2024-08-26T09:39:14.138Z,admin
2024-08-26T09:48:24.225Z,admin
2024-08-26T09:48:34.591Z,admin
2024-08-26T09:56:15.912Z,admin
2024-08-26T10:06:54.834Z,admin
2024-08-26T10:07:00.734Z,admin
2024-08-26T10:07:10.008Z,admin
2024-08-26T10:07:44.950Z,admin
2024-08-26T10:09:43.700Z,admin
2024-08-26T10:11:28.162Z,admin
2024-08-26T10:11:49.736Z,admin
2024-08-26T10:12:25.162Z,admin
2024-08-26T10:14:05.808Z,admin
2024-08-26T10:15:44.447Z,admin
2024-08-26T10:16:08.419Z,admin
2024-08-26T10:18:59.400Z,admin
2024-08-26T11:20:41.495Z,admin
2024-08-26T11:23:34.824Z,admin
2024-08-26T11:35:16.490Z,admin
2024-08-26T11:55:33.172Z,admin
2024-08-26T11:58:20.417Z,admin
2024-08-26T11:58:42.686Z,admin
2024-08-26T11:58:56.174Z,admin
2024-08-27T06:10:03.901Z,admin
2024-08-27T06:18:33.223Z,admin
2024-08-27T06:24:08.629Z,admin
2024-08-27T06:25:35.369Z,admin
2024-08-27T06:31:40.617Z,admin
2024-08-27T07:01:00.333Z,admin
2024-08-27T07:01:53.993Z,admin
2024-08-27T07:04:18.900Z,admin
2024-08-27T07:38:41.337Z,admin
2024-08-27T07:51:06.425Z,admin
2024-08-27T07:51:15.593Z,admin
2024-08-27T07:53:01.096Z,admin
2024-08-27T07:54:09.693Z,admin
2024-08-27T08:00:47.372Z,admin
2024-08-27T08:08:31.891Z,admin
2024-08-27T08:29:26.332Z,admin
2024-08-27T08:33:05.231Z,admin
2024-08-27T08:40:29.167Z,admin
2024-08-27T08:43:42.685Z,admin
2024-08-27T08:48:03.023Z,admin
2024-08-27T09:13:43.382Z,admin
2024-08-27T09:16:50.839Z,admin
2024-08-27T09:21:52.619Z,admin
2024-08-27T09:24:46.775Z,admin
2024-08-27T09:28:27.092Z,admin
2024-08-27T09:46:20.600Z,admin
2024-08-27T09:47:55.398Z,admin
2024-08-27T09:50:41.841Z,admin
2024-08-27T09:53:04.942Z,admin
2024-08-27T09:53:19.018Z,admin
2024-08-27T09:53:33.402Z,admin
2024-08-27T09:55:54.989Z,admin
2024-08-27T09:57:27.734Z,admin
2024-08-27T09:58:48.000Z,admin
2024-08-27T09:59:01.317Z,admin
2024-08-27T10:10:27.770Z,admin
2024-08-27T10:14:44.520Z,admin
2024-08-27T10:15:03.238Z,admin
2024-08-27T10:15:28.854Z,admin
2024-08-27T10:28:39.534Z,admin
2024-08-27T10:34:48.947Z,admin
2024-08-27T10:48:04.737Z,admin
2024-08-27T11:52:44.302Z,admin
2024-08-27T12:08:24.196Z,admin
2024-08-27T12:08:51.494Z,admin
2024-08-27T12:09:48.663Z,admin
2024-08-27T12:12:51.436Z,admin
2024-08-27T12:15:54.840Z,admin
2024-08-27T12:28:02.177Z,admin
2024-08-27T12:35:13.881Z,admin
2024-08-27T12:45:37.559Z,admin
2024-08-27T12:45:51.774Z,admin
2024-08-27T14:16:14.313Z,admin
2024-08-28T05:52:37.903Z,admin
2024-08-28T05:53:34.416Z,admin
2024-08-28T06:10:10.209Z,admin
2024-08-28T06:24:21.894Z,admin
2024-08-28T06:55:34.998Z,admin
2024-08-28T07:12:03.341Z,admin
2024-08-28T07:12:33.085Z,admin
2024-08-28T09:03:29.834Z,admin
2024-08-28T10:14:25.818Z,admin
2024-08-28T10:15:40.448Z,admin
2024-08-28T10:21:41.545Z,admin
2024-08-28T10:23:49.320Z,admin
2024-08-28T10:23:58.754Z,admin
2024-08-29T06:32:19.961Z,admin
2024-08-29T06:33:59.875Z,admin
2024-08-29T06:38:03.342Z,admin
2024-08-29T06:50:04.612Z,admin
2024-08-29T06:51:40.229Z,admin
2024-08-29T07:08:50.563Z,admin
2024-08-29T07:29:14.217Z,admin
2024-08-29T07:42:00.820Z,admin
2024-08-29T07:45:17.996Z,admin
2024-08-29T08:52:26.899Z,admin
2024-08-29T08:54:14.785Z,admin
2024-08-29T08:54:46.905Z,admin
2024-08-29T09:01:18.932Z,admin
2024-08-29T09:05:24.727Z,admin
2024-08-29T09:21:01.059Z,admin
2024-08-29T09:32:46.273Z,admin
2024-08-29T09:56:20.907Z,admin
2024-08-29T09:57:51.212Z,admin
2024-08-29T10:58:24.629Z,admin
2024-08-30T05:44:13.227Z,admin
2024-08-30T06:57:21.053Z,admin
2024-08-30T08:36:06.132Z,admin
2024-08-30T08:42:34.187Z,admin
2024-08-30T11:45:13.798Z,admin
2024-09-02T06:56:01.764Z,admin
2024-09-02T08:07:15.015Z,admin
2024-09-02T10:00:04.942Z,admin
2024-09-02T11:54:00.952Z,admin
2024-09-02T12:06:02.324Z,admin
2024-09-02T12:11:27.007Z,admin
2024-09-02T12:16:35.962Z,admin
2024-09-02T12:17:36.402Z,admin
2024-09-02T12:39:53.603Z,admin
2024-09-02T12:43:33.732Z,admin
2024-09-02T12:49:12.238Z,admin
2024-09-02T12:49:45.813Z,admin
2024-09-02T13:18:26.856Z,admin
2024-09-03T05:54:41.763Z,admin
2024-09-03T06:57:55.010Z,admin
2024-09-03T06:58:47.105Z,admin
2024-09-03T08:50:05.712Z,admin
2024-09-03T09:19:31.607Z,admin
2024-09-03T09:21:44.437Z,admin
2024-09-03T09:44:29.298Z,admin
2024-09-03T09:58:21.206Z,admin
2024-09-03T10:16:24.813Z,admin
2024-09-03T11:00:24.281Z,admin
2024-09-03T11:02:59.754Z,admin
2024-09-03T11:22:18.144Z,admin
2024-09-03T11:39:31.710Z,admin
2024-09-03T11:46:18.552Z,admin
2024-09-03T11:47:36.390Z,admin
2024-09-03T11:48:55.641Z,admin
2024-09-03T11:51:53.873Z,admin
2024-09-03T12:04:59.277Z,admin
2024-09-03T12:12:52.623Z,admin
2024-09-03T12:22:04.211Z,admin
2024-09-04T06:58:31.089Z,admin
2024-09-04T07:19:52.338Z,admin
2024-09-04T07:59:38.805Z,admin
2024-09-04T08:00:31.470Z,admin
2024-09-04T08:16:27.989Z,admin
2024-09-04T08:22:34.172Z,admin
2024-09-04T08:24:30.379Z,admin
2024-09-04T08:28:43.391Z,admin
2024-09-04T08:32:31.874Z,admin
2024-09-04T08:32:52.064Z,admin
2024-09-04T08:38:00.966Z,admin
2024-09-04T09:50:42.647Z,admin
2024-09-04T09:51:36.912Z,admin
2024-09-04T10:09:17.721Z,admin
2024-09-04T10:14:05.993Z,admin
2024-09-04T10:14:20.897Z,admin
2024-09-04T11:19:55.086Z,admin
2024-09-04T11:23:15.351Z,admin
2024-09-04T11:24:58.861Z,admin
2024-09-04T11:27:47.833Z,admin
2024-09-04T11:29:17.142Z,admin
2024-09-04T11:31:28.207Z,admin
2024-09-04T11:42:36.440Z,admin
2024-09-04T11:56:46.665Z,admin
2024-09-04T11:58:12.857Z,admin
2024-09-04T11:58:46.865Z,admin
2024-09-04T12:00:33.336Z,admin
2024-09-04T12:02:28.632Z,admin
2024-09-04T12:02:49.060Z,admin
2024-09-04T12:08:27.691Z,admin
2024-09-04T12:09:14.120Z,admin
2024-09-04T12:18:16.073Z,admin
2024-09-04T12:24:55.373Z,admin
2024-09-04T12:25:17.433Z,admin
2024-09-05T05:33:56.908Z,admin
2024-09-05T05:34:41.375Z,admin
2024-09-05T05:37:39.225Z,admin
2024-09-05T06:00:03.050Z,admin
2024-09-05T06:20:15.238Z,admin
2024-09-05T06:30:14.521Z,admin
2024-09-05T06:30:34.727Z,admin
2024-09-05T06:30:36.155Z,admin
2024-09-05T06:30:41.006Z,admin
2024-09-05T06:51:04.538Z,admin
2024-09-05T06:54:18.110Z,admin
2024-09-05T07:01:22.911Z,admin
2024-09-05T07:03:03.413Z,admin
2024-09-05T08:01:28.245Z,admin
2024-09-05T08:08:45.640Z,admin
2024-09-05T08:15:00.333Z,admin
2024-09-05T08:15:35.903Z,admin
2024-09-05T08:18:02.644Z,admin
2024-09-05T08:20:30.662Z,admin
2024-09-05T08:22:26.482Z,admin
2024-09-05T08:26:24.755Z,admin
2024-09-05T08:37:06.938Z,admin
2024-09-05T08:48:16.158Z,admin
2024-09-05T09:03:28.976Z,admin
2024-09-05T09:39:39.151Z,admin
2024-09-05T09:43:12.447Z,admin
2024-09-05T09:44:54.760Z,admin
2024-09-05T09:48:37.161Z,admin
2024-09-05T09:54:19.521Z,admin
2024-09-06T06:58:23.270Z,admin
2024-09-06T07:01:49.782Z,admin
2024-09-06T07:02:51.680Z,admin
2024-09-06T07:08:06.712Z,admin
2024-09-06T07:10:17.094Z,admin
2024-09-06T07:10:54.250Z,admin
2024-09-06T07:11:34.541Z,admin
2024-09-06T07:12:11.378Z,admin
2024-09-06T07:12:41.289Z,admin
2024-09-06T07:12:50.899Z,admin
2024-09-06T07:25:21.181Z,admin
2024-09-06T07:25:49.456Z,admin
2024-09-06T07:26:26.126Z,admin
2024-09-06T07:26:55.480Z,admin
2024-09-06T07:27:15.019Z,admin
2024-09-06T07:27:29.080Z,admin
2024-09-06T07:28:45.575Z,admin
2024-09-06T07:30:01.312Z,admin
2024-09-06T07:30:49.264Z,admin
2024-09-06T07:49:51.008Z,admin
2024-09-06T09:40:38.439Z,admin
2024-09-06T09:45:32.147Z,admin
2024-09-06T09:51:35.041Z,admin
2024-09-06T09:52:06.869Z,admin
2024-09-06T09:56:15.441Z,admin
2024-09-06T09:58:18.979Z,admin
2024-09-06T10:02:01.554Z,admin
2024-09-06T10:02:33.898Z,admin
2024-09-06T10:04:44.828Z,admin
2024-09-06T10:07:07.870Z,admin
2024-09-06T10:10:52.017Z,admin
2024-09-06T10:11:09.243Z,admin
2024-09-06T10:13:49.904Z,admin
2024-09-06T10:15:44.465Z,admin
2024-09-06T11:17:36.527Z,admin
2024-09-06T11:18:00.495Z,admin
2024-09-06T11:20:30.188Z,admin
2024-09-06T11:26:51.451Z,admin
2024-09-06T11:30:57.779Z,admin
2024-09-06T11:32:08.202Z,admin
2024-09-06T11:35:22.509Z,admin
2024-09-06T11:35:54.354Z,admin
2024-09-06T11:36:27.288Z,admin
2024-09-06T11:36:46.295Z,admin
2024-09-06T11:37:29.679Z,admin
2024-09-06T11:38:24.688Z,admin
2024-09-06T11:39:23.300Z,admin
2024-09-06T11:39:40.759Z,admin
2024-09-06T11:40:22.362Z,admin
2024-09-06T11:40:46.114Z,admin
2024-09-06T11:41:26.515Z,admin
2024-09-06T11:42:17.651Z,admin
2024-09-09T05:47:00.498Z,admin
2024-09-09T06:15:09.469Z,admin
2024-09-09T06:45:28.617Z,admin
